date,strategy_equity,benchmark_equity
2023-08-28,100000.0,100000.0
2023-08-29,100000.0,101329.27320861816
2023-08-30,100000.0,101449.4359588623
2023-08-31,100000.0,103657.36633300781
2023-09-01,100000.0,103739.97679138184
2023-09-05,100000.0,103101.63366699219
2023-09-06,100000.0,101667.22091674805
2023-09-07,100000.0,103537.21504211426
2023-09-08,100000.0,103822.58724975586
2023-09-11,100000.0,107479.96504211426
2023-09-12,100000.0,106075.58724975586
2023-09-13,100000.0,108794.21504211426
2023-09-14,100000.0,108696.58137512207
2023-09-15,100000.0,105444.75
2023-09-18,100000.0,105136.83724975586
2023-09-19,100000.0,103371.99412536621
2023-09-20,100000.0,101614.64541625977
2023-09-21,100000.0,97138.6918334961
2023-09-22,100000.0,96980.97679138184
2023-09-25,100000.0,98595.63366699219
2023-09-26,100000.0,94622.84297943115
2023-09-27,100000.0,94622.84297943115
2023-09-28,100000.0,94622.84297943115
2023-09-29,100000.0,95478.98252105713
2023-10-02,100000.0,97236.32550048828
2023-10-03,100000.0,93676.58137512207
2023-10-04,100000.0,95388.86045837402
2023-10-05,100000.0,94607.81977081299
2023-10-06,100000.0,96109.81977081299
2023-10-09,100000.0,96335.11633300781
2023-10-10,100000.0,97251.33724975586
2023-10-11,100000.0,99016.1918334961
2023-10-12,100000.0,99391.6918334961
2023-10-13,100000.0,97484.14541625977
2023-10-16,100000.0,99556.91275024414
2023-10-17,100000.0,98745.83137512207
2023-10-18,100000.0,96237.49412536621
2023-10-19,100000.0,96440.25587463379
2023-10-20,100000.0,94014.52908325195
2023-10-23,100000.0,95058.41862487793
2023-10-24,100000.0,96560.41862487793
2023-10-25,100000.0,91175.75
2023-10-26,100000.0,89808.93022918701
2023-10-27,100000.0,95944.59885406494
2023-10-30,100000.0,99677.07550048828
2023-10-31,100000.0,99962.44770812988
2023-11-01,100000.0,102898.86045837402
2023-11-02,100000.0,103702.4359588623
2023-11-03,100000.0,104100.46504211426
2023-11-06,100000.0,104956.60458374023
2023-11-07,100000.0,107187.07550048828
2023-11-08,100000.0,106713.9418334961
2023-11-09,100000.0,105602.46504211426
2023-11-10,100000.0,107825.41862487793
2023-11-13,100000.0,107096.94770812988
2023-11-14,100000.0,109507.66275024414
2023-11-15,100000.0,107555.0581665039
2023-11-16,100000.0,107277.1918334961
2023-11-17,100000.0,109042.03495788574
2023-11-20,100000.0,109755.49412536621
2023-11-21,100000.0,108080.75587463379
2023-11-22,100000.0,110191.07550048828
2023-11-24,100000.0,110213.60458374023
2023-11-27,100000.0,110957.08724975586
2023-11-28,100000.0,110431.38954162598
2023-11-29,100000.0,109898.1859588623
2023-11-30,100000.0,109725.44770812988
2023-12-01,100000.0,110431.38954162598
2023-12-04,100000.0,108786.69770812988
2023-12-05,100000.0,110318.74412536621
2023-12-06,100000.0,108546.38366699219
2023-12-07,100000.0,110318.74412536621
2023-12-08,100000.0,110724.27908325195
2023-12-11,100000.0,109575.25
2023-12-12,100000.0,110769.33724975586
2023-12-13,100000.0,111790.69770812988
2023-12-14,100000.0,110724.27908325195
2023-12-15,100000.0,112639.33137512207
2023-12-18,100000.0,115718.4359588623
2023-12-19,100000.0,115508.14541625977
2023-12-20,100000.0,114253.97679138184
2023-12-21,100000.0,115545.69770812988
2023-12-22,100000.0,115230.27908325195
2023-12-26,100000.0,115222.77320861816
2023-12-27,100000.0,115170.19770812988
2023-12-28,100000.0,115200.24412536621
2023-12-29,100000.0,114118.80229187012
2024-01-02,100000.0,112609.28495788574
2024-01-03,100000.0,111512.83137512207
2024-01-04,100000.0,108583.9359588623
2024-01-05,100000.0,109087.10458374023
2024-01-08,100000.0,111985.96504211426
2024-01-09,100000.0,113690.72679138184
2024-01-10,100000.0,115463.08724975586
2024-01-11,100000.0,116552.03495788574
2024-01-12,100000.0,116131.47679138184
2024-01-16,100000.0,115035.02320861816
2024-01-17,100000.0,113946.07550048828
2024-01-18,100000.0,115290.36045837402
2024-01-19,100000.0,116672.19770812988
2024-01-22,100000.0,116251.63954162598
2024-01-23,100000.0,117182.88366699219
2024-01-24,100000.0,117821.22679138184
2024-01-25,100000.0,118482.11045837402
2024-01-26,100000.0,119510.97679138184
2024-01-29,100000.0,121118.11633300781
2024-01-30,100000.0,119420.86045837402
2024-01-31,100000.0,116567.0581665039
2024-02-01,100000.0,119631.13954162598
2024-02-02,100000.0,129041.16862487793
2024-02-05,100000.0,127914.66862487793
2024-02-06,100000.0,127043.50587463379
2024-02-07,100000.0,128079.88954162598
2024-02-08,100000.0,127561.69770812988
2024-02-09,100000.0,131023.8081665039
2024-02-12,100000.0,129439.19770812988
2024-02-13,100000.0,126660.5
2024-02-14,100000.0,128417.83724975586
2024-02-15,100000.0,127531.66275024414
2024-02-16,100000.0,127313.86633300781
2024-02-20,100000.0,125488.9418334961
2024-02-21,100000.0,126622.94770812988
2024-02-22,100000.0,131121.4418334961
2024-02-23,100000.0,131429.35458374023
2024-02-26,100000.0,131234.08724975586
2024-02-27,100000.0,130340.39541625977
2024-02-28,100000.0,130055.02320861816
2024-02-29,100000.0,132758.6163330078
2024-03-01,100000.0,133855.08137512207
2024-03-04,100000.0,133374.4418334961
2024-03-05,100000.0,130775.97679138184
2024-03-06,100000.0,130317.86633300781
2024-03-07,100000.0,132803.6859588623
2024-03-08,100000.0,131699.71504211426
2024-03-11,100000.0,129153.82550048828
2024-03-12,100000.0,131729.75
2024-03-13,100000.0,132608.41862487793
2024-03-14,100000.0,134253.11045837402
2024-03-15,100000.0,131001.27908325195
2024-03-18,100000.0,131046.33724975586
2024-03-19,100000.0,132112.7558746338
2024-03-20,100000.0,133802.5058746338
2024-03-21,100000.0,133802.5058746338
2024-03-22,100000.0,134343.22679138184
2024-03-25,100000.0,134974.07550048828
2024-03-26,100000.0,133915.16275024414
2024-03-27,100000.0,135064.1918334961
2024-03-28,100000.0,135477.2441253662
2024-04-01,100000.0,135920.33137512207
2024-04-02,100000.0,135710.05229187012
2024-04-03,100000.0,137001.77320861816
2024-04-04,100000.0,135191.86045837402
2024-04-05,100000.0,138999.4359588623
2024-04-08,100000.0,139089.55229187012
2024-04-09,100000.0,139450.02908325195
2024-04-10,100000.0,139660.3081665039
2024-04-11,100000.0,141988.41275024414
2024-04-12,100000.0,139795.4941253662
2024-04-15,100000.0,137910.47679138184
2024-04-16,100000.0,137685.1859588623
2024-04-17,100000.0,136153.13954162598
2024-04-18,100000.0,134606.08137512207
2024-04-19,100000.0,131158.9941253662
2024-04-22,100000.0,133111.58724975586
2024-04-23,100000.0,134846.39541625977
2024-04-24,100000.0,132630.94770812988
2024-04-25,100000.0,130438.02908325195
2024-04-26,100000.0,134906.47679138184
2024-04-29,100000.0,135912.82550048828
2024-04-30,100000.0,131436.86045837402
2024-05-01,100000.0,134440.86045837402
2024-05-02,100000.0,138736.58137512207
2024-05-03,100000.0,139855.57550048828
2024-05-06,100000.0,141725.5581665039
2024-05-07,100000.0,141770.6163330078
2024-05-08,100000.0,141199.86045837402
2024-05-09,100000.0,142326.36045837402
2024-05-10,100000.0,140809.33724975586
2024-05-13,100000.0,140125.9359588623
2024-05-14,100000.0,140501.4359588623
2024-05-15,100000.0,139690.35458374023
2024-05-16,100000.0,137917.9941253662
2024-05-17,100000.0,138721.5581665039
2024-05-20,100000.0,137850.39541625977
2024-05-21,100000.0,137557.5058746338
2024-05-22,100000.0,137542.4941253662
2024-05-23,100000.0,135980.41275024414
2024-05-24,100000.0,135755.11045837402
2024-05-28,100000.0,136806.5058746338
2024-05-29,100000.0,136708.8836669922
2024-05-30,100000.0,134681.1859588623
2024-05-31,100000.0,132518.30229187012
2024-06-03,100000.0,133945.19770812988
2024-06-04,100000.0,134696.19770812988
2024-06-05,100000.0,136153.13954162598
2024-06-06,100000.0,138946.86045837402
2024-06-07,100000.0,138421.16275024414
2024-06-10,100000.0,140493.91862487793
2024-06-11,100000.0,140621.58724975586
2024-06-12,99882.2391116333,140366.25
2024-06-13,99576.23935577393,138068.1918334961
2024-06-14,99559.2395388794,137940.52320861816
2024-06-17,99599.23892852783,138240.91862487793
2024-06-18,99474.23892852783,137302.16862487793
2024-06-20,99803.23978302002,139772.96504211426
2024-06-21,100101.23935577393,142010.9418334961
2024-06-24,99750.23990509033,139374.9359588623
2024-06-25,99827.23880645752,139953.19770812988
2024-06-26,100554.23923370361,145412.97091674805
2024-06-27,100978.23978302002,148597.21504211426
2024-06-28,100518.23917266846,145142.61045837402
2024-07-01,100913.23886749268,148109.0581665039
2024-07-02,101193.23917266846,150211.86045837402
2024-07-03,100952.23880645752,148401.94770812988
2024-07-05,101193.23917266846,150211.86045837402
2024-07-08,101122.23850128174,149678.64541625977
2024-07-09,101127.23880645752,149716.19770812988
2024-07-10,101172.23850128174,150054.14541625977
2024-07-11,100698.23947784424,146494.41275024414
2024-07-12,100642.23972198486,146073.85458374023
2024-07-15,100465.23929473877,144744.58137512207
2024-07-16,100495.23959991455,144969.8836669922
2024-07-17,99986.23844024658,141147.28495788574
2024-07-18,99568.23917266846,138008.11045837402
2024-07-19,99506.23966094971,137542.4941253662
2024-07-22,99448.23947784424,137106.91275024414
2024-07-23,99834.2395388794,140005.77320861816
2024-07-24,99276.23935577393,135815.1918334961
2024-07-25,99178.23978302002,135079.21504211426
2024-07-26,99443.23917266846,137069.36045837402
2024-07-29,99513.23886749268,137595.0581665039
2024-07-30,99364.23984405518,136476.07550048828
2024-07-31,99891.23874542236,140433.83724975586
2024-08-01,99600.23990509033,138248.4359588623
2024-08-02,97983.2385623169,126104.75587463379
2024-08-05,97295.23959991455,120937.88366699219
2024-08-06,97360.0056439209,121621.28495788574
2024-08-07,97360.0056439209,122252.13366699219
2024-08-08,97360.0056439209,124527.66275024414
2024-08-09,97360.0056439209,125383.80229187012
2024-08-12,97360.0056439209,125278.66275024414
2024-08-13,97360.0056439209,127854.58724975586
2024-08-14,97360.0056439209,127756.96504211426
2024-08-15,97628.5080166626,133381.94770812988
2024-08-16,97575.50813873291,132983.91862487793
2024-08-19,97691.50850494385,133855.08137512207
2024-08-20,97757.50887115479,134350.7441253662
2024-08-21,97880.5084439087,135274.47091674805
2024-08-22,97482.50887115479,132285.4941253662
2024-08-23,97573.50771148682,132968.89541625977
2024-08-26,97419.50838287354,131812.36045837402
2024-08-27,97181.50789459229,130024.97679138184
2024-08-28,96949.50868804932,128282.66275024414
2024-08-29,97187.04410491943,129273.97679138184
2024-08-30,97754.58862701416,134065.36045837402
2024-09-03,97529.58862701416,132375.61045837402
2024-09-04,97237.58881011963,130182.6918334961
2024-09-05,97693.58856597901,133607.25
2024-09-06,97043.58856597901,128725.75
2024-09-09,97444.5880166626,131737.2558746338
2024-09-10,97859.58893218994,134853.91275024414
2024-09-11,98356.58905426026,138586.3836669922
2024-09-12,98604.58862701416,140448.86045837402
2024-09-13,98553.58917633057,140065.85458374023
2024-09-16,98393.58856597901,138864.25
2024-09-17,98592.58911529541,140358.7441253662
2024-09-18,98547.58789459229,140020.78495788574
2024-09-19,98891.58813873291,142604.22679138184
2024-09-20,99064.58923736573,143903.46504211426
2024-09-23,99292.58911529541,145615.7441253662
2024-09-24,99300.58929840088,145675.82550048828
2024-09-25,99157.58850494385,144601.88954162598
2024-09-26,99020.5889932251,143573.02320861816
2024-09-27,98701.58874908448,141177.33137512207
2024-09-30,98537.58881011963,139945.6918334961
2024-10-01,98417.58911529541,139044.4941253662
2024-10-02,98380.58807769776,138766.6163330078
2024-10-03,98100.58929840088,136663.82550048828
2024-10-04,98555.58807769776,140080.8663330078
2024-10-07,97984.58893218994,135792.66275024414
2024-10-08,98176.58874908448,137234.58137512207
2024-10-09,98421.5884439087,139074.52908325195
2024-10-10,98569.5880166626,140186.0058746338
2024-10-11,98786.58935943604,141815.6859588623
2024-10-14,98658.58795562744,140854.39541625977
2024-10-15,98673.58887115479,140967.05229187012
2024-10-16,98593.58856597901,140366.25
2024-10-17,98657.58850494385,140846.88954162598
2024-10-18,98803.58917633057,141943.35458374023
2024-10-21,98811.58935943604,142003.4359588623
2024-10-22,98874.58832183838,142476.5581665039
2024-10-23,98375.58929840088,138729.07550048828
2024-10-24,98542.58911529541,139983.2441253662
2024-10-25,98687.58881011963,141072.1918334961
2024-10-28,98743.58856597901,141492.75
2024-10-29,98987.58881011963,143325.1918334961
2024-10-30,99177.58819976807,144752.08724975586
2024-10-31,98544.5880166626,139998.2558746338
2024-11-01,99697.58789459229,148657.28495788574
2024-11-04,99482.58850494385,147042.63954162598
2024-11-05,99854.58862701416,149836.36045837402
2024-11-06,100613.58826080323,155536.44770812988
2024-11-07,100909.58893218994,157759.41275024414
2024-11-08,100722.58789459229,156355.03495788574
2024-11-11,100588.58826080323,155348.69770812988
2024-11-12,100795.5889932251,156903.27320861816
2024-11-13,101314.58923736573,160800.96504211426
2024-11-14,101052.58819976807,158833.33724975586
2024-11-15,100165.58868804932,152171.97091674805
2024-11-18,100074.58832183838,151488.5581665039
2024-11-19,100365.58868804932,153673.97091674805
2024-11-20,100192.58911529541,152374.7441253662
2024-11-21,99742.58911529541,148995.2441253662
2024-11-22,99616.58813873291,148048.97679138184
2024-11-25,100049.58832183838,151300.8081665039
2024-11-26,100690.58868804932,156114.72091674805
2024-11-27,100478.58917633057,154522.60458374023
2024-11-29,100693.58856597901,156137.25
2024-12-02,100975.58929840088,158255.07550048828
2024-12-03,101248.58887115479,160305.30229187012
2024-12-04,101720.5889932251,163850.02320861816
2024-12-05,101959.58893218994,165644.91275024414
2024-12-06,102607.58850494385,170511.38954162598
2024-12-09,102513.58826080323,169805.44770812988
2024-12-10,102408.58795562744,169016.89541625977
2024-12-11,102930.58807769776,172937.1163330078
2024-12-12,102801.58874908448,171968.33137512207
2024-12-13,102650.58929840088,170834.32550048828
2024-12-16,103197.58789459229,174942.28495788574
2024-12-17,103019.5880166626,173605.5058746338
2024-12-18,101956.58905426026,165622.3836669922
2024-12-19,102233.58795562744,167702.64541625977
2024-12-20,102396.5884439087,168926.77908325195
2024-12-23,102410.58838287354,169031.91862487793
2024-12-24,102809.58893218994,172028.41275024414
2024-12-26,102609.58893218994,170526.41275024414
2024-12-27,102279.58862701416,168048.11045837402
2024-12-30,102034.58893218994,166208.16275024414
2024-12-31,101843.58856597901,164773.75
2025-01-02,101926.58874908448,165397.08137512207
2025-01-03,102323.58887115479,168378.55229187012
2025-01-06,102665.58868804932,170946.97091674805
2025-01-07,102115.58868804932,166816.47091674805
2025-01-08,102117.58911529541,166831.4941253662
2025-01-10,101798.58887115479,164435.80229187012
2025-01-13,101750.58929840088,164075.32550048828
2025-01-14,101680.58807769776,163549.6163330078
2025-01-15,102239.58923736573,167747.71504211426
2025-01-16,101970.5889932251,165727.52320861816
2025-01-17,102498.58887115479,169692.80229187012
2025-01-21,102975.58929840088,173275.07550048828
2025-01-22,103405.58807769776,176504.3663330078
2025-01-23,103446.5884439087,176812.27908325195
2025-01-24,103389.58923736573,176384.21504211426
2025-01-27,103446.5884439087,176812.27908325195
2025-01-28,103719.5880166626,178862.5058746338
2025-01-29,103611.58935943604,178051.4359588623
2025-01-30,103368.58856597901,176226.5
2025-01-31,103672.58789459229,178509.53495788574
2025-02-03,103646.5884439087,178314.27908325195
2025-02-04,104110.58838287354,181798.91862487793
2025-02-05,103521.5884439087,177375.52908325195
2025-02-06,103787.58881011963,179373.1918334961
2025-02-07,102819.5880166626,172103.5058746338
2025-02-10,103218.58856597901,175100.0
2025-02-11,103180.58807769776,174814.6163330078
2025-02-12,102797.58789459229,171938.28495788574
2025-02-13,102941.58813873291,173019.72679138184
2025-02-14,102772.58789459229,171750.53495788574
2025-02-18,102569.5880166626,170226.0058746338
2025-02-19,102567.58911529541,170210.9941253662
2025-02-20,102192.58911529541,167394.7441253662
2025-02-21,101562.58881011963,162663.4418334961
2025-02-24,101175.58929840088,159757.07550048828
2025-02-25,101184.58893218994,159824.66275024414
2025-02-26,101339.58923736573,160988.71504211426
2025-02-27,100778.58917633057,156775.60458374023
2025-02-28,101132.58850494385,159434.13954162598
2025-03-03,100406.58905426026,153981.8836669922
2025-03-04,100284.58893218994,153065.66275024414
2025-03-05,100740.58868804932,156490.22091674805
2025-03-06,99974.58832183838,150737.5581665039
2025-03-07,99829.58862701416,149648.61045837402
2025-03-10,99459.67723724365,146111.39541625977
2025-03-11,99459.67723724365,147650.94770812988
2025-03-12,99459.67723724365,149378.25
2025-03-13,99459.67723724365,145623.25
2025-03-14,99459.67723724365,148672.3081665039
2025-03-17,99459.67723724365,147012.60458374023
2025-03-18,99459.67723724365,144819.6859588623
2025-03-19,99459.67723724365,146862.39541625977
2025-03-20,99459.67723724365,146419.3081665039
2025-03-21,99459.67723724365,147365.57550048828
2025-03-24,99459.67723724365,152660.1163330078
2025-03-25,99665.60529815673,154500.07550048828
2025-03-26,99207.60511505126,151060.4941253662
2025-03-27,99230.60468780517,151233.22091674805
2025-03-28,98931.63604370118,144744.58137512207
2025-03-31,98931.63604370118,142897.1163330078
2025-04-01,98931.63604370118,144331.52908325195
2025-04-02,98931.63604370118,147215.3663330078
2025-04-03,98931.63604370118,133997.77320861816
2025-04-04,98931.63604370118,128432.86045837402
2025-04-07,98931.63604370118,131632.1163330078
2025-04-08,98931.63604370118,128177.52320861816
2025-04-09,98931.63604370118,143527.96504211426
2025-04-10,98931.63604370118,136108.08137512207
2025-04-11,98931.63604370118,138849.22679138184
2025-04-14,98931.63604370118,136783.97679138184
2025-04-15,98931.63604370118,134883.94770812988
2025-04-16,98931.63604370118,130933.6918334961
2025-04-17,98931.63604370118,129641.97091674805
2025-04-21,98931.63604370118,125669.1859588623
2025-04-22,98931.63604370118,130070.03495788574
2025-04-23,98931.63604370118,135642.46504211426
2025-04-24,98931.63604370118,140103.39541625977
2025-04-25,98931.63604370118,141943.35458374023
2025-04-28,98931.63604370118,140974.5581665039
2025-04-29,98931.63604370118,140741.75
2025-04-30,98931.63604370118,138511.27908325195
2025-05-01,98931.63604370118,142852.0581665039
2025-05-02,98931.63604370118,142686.83724975586
2025-05-05,98931.63604370118,139960.71504211426
2025-05-06,98931.63604370118,138954.3663330078
2025-05-07,98931.63604370118,141733.07550048828
2025-05-08,98931.63604370118,144263.9418334961
2025-05-09,98931.63604370118,144999.91862487793
2025-05-12,98931.63604370118,156700.5
2025-05-13,98955.41377227784,158750.72679138184
2025-05-14,98843.41426055909,157909.61045837402
2025-05-15,98335.41407745362,154094.52908325195
2025-05-16,98377.41389434815,154409.94770812988
2025-05-19,98434.41462677003,154838.02320861816
2025-05-20,98225.41499298096,153268.4359588623
2025-05-21,97930.41377227784,151052.97679138184
2025-05-22,98128.41487091065,152539.96504211426
2025-05-23,97917.4148098755,150955.35458374023
2025-05-27,98420.41468780518,154732.8836669922
2025-05-28,98290.4143826294,153756.58137512207
2025-05-29,98388.41395538331,154492.5581665039
2025-05-30,98319.41371124268,153974.3663330078
2025-06-02,98483.41365020753,155206.0058746338
2025-06-03,98389.41493194581,154500.07550048828
2025-06-04,98541.413833313,155641.58724975586
2025-06-05,98609.41462677003,156152.27320861816
2025-06-06,99175.41499298096,160402.9359588623
2025-06-09,99516.413833313,162963.83724975586
2025-06-10,99579.41432159425,163436.97091674805
2025-06-11,99138.41395538331,160125.0581665039
2025-06-12,99142.4148098755,160155.10458374023
2025-06-13,99028.41487091065,159298.96504211426
2025-06-16,99428.41487091065,162302.96504211426
2025-06-17,99300.41499298096,161341.6859588623
2025-06-18,99070.41468780518,159614.3836669922
2025-06-20,98787.41450469971,157489.05229187012
2025-06-23,98665.4143826294,156572.83137512207
2025-06-24,99095.41468780518,159802.1336669922
2025-06-25,99017.4148098755,159216.35458374023
2025-06-26,99530.41377227784,163068.97679138184
2025-06-27,100148.41456573487,167710.16275024414
2025-06-30,99757.41419952393,164773.75
2025-07-01,99864.41493194581,165577.32550048828
2025-07-02,99810.41407745362,165171.77908325195
2025-07-03,100159.41462677003,167792.77320861816
2025-07-07,100165.4143826294,167837.83137512207
2025-07-08,99754.41432159425,164751.22091674805
2025-07-09,100072.41358917237,167139.39541625977
2025-07-10,100044.41371124268,166929.1163330078
2025-07-11,100320.41468780518,169001.8836669922
2025-07-14,100387.41450469971,169505.05229187012
2025-07-15,100453.41487091065,170000.71504211426
2025-07-16,100137.41450469971,167627.55229187012
2025-07-17,100206.41474884034,168145.7441253662
2025-07-18,100431.41474884034,169835.4941253662
2025-07-21,100748.41456573487,172216.16275024414
2025-07-22,100565.4143826294,170841.83137512207
2025-07-23,100647.41358917237,171457.64541625977
2025-07-24,101041.413833313,174416.58724975586
2025-07-25,100962.41450469971,173823.30229187012
2025-07-28,101097.41358917237,174837.14541625977
2025-07-29,100919.41371124268,173500.3663330078
2025-07-30,100837.41450469971,172884.55229187012
2025-07-31,101229.41432159425,175828.47091674805
2025-08-01,99293.41426055909,161289.11045837402
2025-08-04,98983.41365020753,158961.0058746338
2025-08-05,99193.41426055909,160538.11045837402
2025-08-06,100049.41401641846,166966.66862487793
2025-08-07,100131.41474884034,167582.4941253662
2025-08-08,100087.41450469971,167252.05229187012
2025-08-11,99948.41456573487,166208.16275024414
2025-08-12,99965.4143826294,166335.83137512207
2025-08-13,100274.41401641846,168656.41862487793
2025-08-14,100916.413833313,173477.83724975586
2025-08-15,100921.41413848878,173515.38954162598
2025-08-18,100967.4148098755,173860.85458374023
2025-08-19,100619.41371124268,171247.3663330078
2025-08-20,100199.41401641846,168093.16862487793
2025-08-21,100013.41395538331,166696.3081665039
2025-08-22,100702.41389434815,171870.69770812988
2025-08-25,100612.41450469971,171194.80229187012
2025-08-26,100689.41493194581,171773.07550048828
2025-08-27,100730.41377227784,172080.97679138184
2025-08-28,100978.41487091065,173943.46504211426
2025-08-29,100718.41426055909,171990.86045837402
2025-09-02,100352.41389434815,169242.19770812988
2025-09-03,100417.4148098755,169730.35458374023
2025-09-04,101386.41352813721,177007.53495788574
2025-09-05,101051.41444366456,174491.6918334961
2025-09-08,101402.41389434815,177127.69770812988
2025-09-09,101642.4148098755,178930.10458374023
2025-09-10,100851.41444366456,172989.6918334961
2025-09-11,100813.41395538331,172704.3081665039
2025-09-12,100633.41365020753,171352.5058746338
2025-09-15,100961.41352813721,173815.78495788574
2025-09-16,101223.41456573487,175783.41275024414
2025-09-17,100980.41377227784,173958.47679138184
2025-09-18,100941.413833313,173665.58724975586
2025-09-19,100966.413833313,173853.33724975586
2025-09-22,100581.41474884034,170961.9941253662
2025-09-23,99889.41493194581,165765.07550048828
2025-09-24,99839.41493194581,165389.57550048828
2025-09-25,99633.41365020753,163842.5058746338
2025-09-26,99796.41413848878,165066.63954162598
2025-09-29,100035.41407745362,166861.52908325195
2025-09-30,99775.41499298096,164908.9359588623
2025-10-01,99881.41474884034,165704.9941253662
2025-10-02,100059.41462677003,167041.77320861816
2025-10-03,99769.41371124268,164863.8663330078
2025-10-06,99908.41365020753,165907.7558746338
2025-10-07,99996.41413848878,166568.63954162598
2025-10-08,100340.4143826294,169152.08137512207
2025-10-09,100592.4148098755,171044.60458374023
2025-10-10,99455.41377227784,162505.72679138184
2025-10-13,99825.41499298096,165284.4359588623
2025-10-14,99457.41419952393,162520.75
2025-10-15,99375.41499298096,161904.9359588623
2025-10-16,99265.4143826294,161078.83137512207
2025-10-17,99122.41358917237,160004.89541625977
2025-10-20,99466.413833313,162588.33724975586
2025-10-21,100021.41413848878,166756.38954162598
2025-10-22,99613.41395538331,163692.3081665039
2025-10-23,99927.41389434815,166050.44770812988
2025-10-24,100239.41493194581,168393.57550048828
2025-10-27,100515.4143826294,170466.33137512207
2025-10-28,100743.41426055909,172178.61045837402
2025-10-29,100848.41456573487,172967.16275024414
2025-10-30,100104.41432159425,167379.72091674805
2025-10-31,102240.4143826294,183421.08137512207
2025-11-03,103218.41426055909,190765.86045837402
2025-11-04,102750.41499298096,187251.1859588623
2025-11-05,102838.41395538331,187912.0581665039
2025-11-06,102122.41358917237,182534.89541625977
2025-11-07,102259.41462677003,183563.77320861816
2025-11-10,102658.41365020753,186560.2558746338
2025-11-11,102728.41487091065,187085.96504211426
2025-11-12,102238.41395538331,183406.0581665039
2025-11-13,101576.41444366456,178434.4418334961
2025-11-14,101287.41450469971,176264.05229187012
2025-11-17,101105.41377227784,174897.22679138184
2025-11-18,100073.41456573487,167146.91275024414
2025-11-19,100087.41450469971,167252.05229187012
2025-11-20,99532.41419952393,163084.0
2025-11-21,99887.41450469971,165750.05229187012
2025-11-24,100446.41413848878,169948.13954162598
2025-11-25,100785.41407745362,172494.02908325195
2025-11-26,100734.41462677003,172111.02320861816
2025-11-28,101140.4143826294,175160.08137512207
2025-12-01,101206.41474884034,175655.7441253662
2025-12-02,101260.41407745362,176061.27908325195
2025-12-03,101056.41474884034,174529.2441253662
2025-12-04,100729.41432159425,172073.47091674805
2025-12-05,100771.41413848878,172388.88954162598
2025-12-08,100507.41419952393,170406.25
2025-12-09,100610.41407745362,171179.77908325195
2025-12-10,100996.41413848878,174078.63954162598
2025-12-11,100846.41413848878,172952.13954162598
2025-12-12,100437.41450469971,169880.55229187012
2025-12-15,100072.41358917237,167139.39541625977
2025-12-16,100074.41401641846,167154.41862487793
2025-12-17,99945.41468780518,166185.6336669922
2025-12-18,100494.41371124268,170308.6163330078
2025-12-19,100553.41487091065,170751.71504211426
2025-12-22,100661.41352813721,171562.78495788574
2025-12-23,101032.41419952393,174349.0
2025-12-24,101056.41474884034,174529.2441253662
2025-12-26,101070.41468780518,174634.3836669922
2025-12-29,101025.41499298096,174296.4359588623
2025-12-30,101071.41413848878,174641.88954162598
2025-12-31,100900.41499298096,173357.6859588623
2026-01-02,100468.41426055909,170113.36045837402
2026-01-05,101124.41401641846,175039.91862487793
2026-01-06,101911.41352813721,180950.28495788574
2026-01-07,101974.41401641846,181423.41862487793
2026-01-08,102447.41358917237,184975.64541625977
2026-01-09,102556.41474884034,185794.2441253662
2026-01-12,102465.4143826294,185110.83137512207
2026-01-13,102078.41487091065,182204.46504211426
2026-01-14,101483.41365020753,177736.0058746338
2026-01-15,101636.41352813721,178885.03495788574
2026-01-16,101730.41377227784,179590.97679138184
2026-01-20,100918.41426055909,173492.86045837402
2026-01-21,100949.41401641846,173725.66862487793
2026-01-22,101252.41389434815,176001.19770812988
2026-01-23,101734.41462677003,179621.02320861816
2026-01-26,101660.41407745362,179065.27908325195
2026-01-27,102286.41352813721,183766.53495788574
2026-01-28,102119.41371124268,182512.3663330078
2026-01-29,101991.413833313,181551.08724975586
2026-01-30,101748.41456573487,179726.16275024414
2026-02-02,102114.41493194581,182474.82550048828
2026-02-03,101680.41377227784,179215.47679138184
2026-02-04,101117.4148098755,174987.35458374023
2026-02-05,100087.41450469971,167252.05229187012
2026-02-06,98083.35995544435,157962.1859588623
2026-02-09,98083.35995544435,156760.58137512207
2026-02-10,98083.35995544435,155438.82550048828
2026-02-11,98083.35995544435,153275.9418334961
2026-02-12,98083.35995544435,149911.46504211426
2026-02-13,98083.35995544435,149303.14541625977
2026-02-17,98083.35995544435,151075.5058746338
2026-02-18,98083.35995544435,153809.14541625977
2026-02-19,98083.35995544435,153861.72091674805
2026-02-20,98083.35995544435,157804.47091674805
2026-02-23,98083.35995544435,154169.6336669922
2026-02-24,98083.35995544435,156640.41862487793
2026-02-25,98083.35995544435,158202.5
2026-02-26,98083.35995544435,156159.77908325195
2026-02-27,98083.35995544435,157721.86045837402
2026-03-02,98083.35995544435,156512.75
2026-03-03,98083.35995544435,156768.08724975586
2026-03-04,98083.35995544435,162843.6859588623
2026-03-05,98083.35995544435,164435.80229187012
2026-03-06,98083.35995544435,160132.57550048828
2026-03-09,98083.35995544435,160342.85458374023
2026-03-10,98083.35995544435,160973.6918334961
2026-03-11,98083.35995544435,159712.0058746338
2026-03-12,98083.35995544435,157368.88954162598
2026-03-13,98083.35995544435,155972.02908325195
2026-03-16,98083.35995544435,159028.60458374023
2026-03-17,98083.35995544435,161627.0581665039
2026-03-18,98083.35995544435,157624.22679138184
2026-03-19,98083.35995544435,156790.6163330078
2026-03-20,98083.35995544435,154244.72679138184
2026-03-23,98083.35995544435,157827.0
2026-03-24,98083.35995544435,155649.10458374023
2026-03-25,98083.35995544435,159006.07550048828
2026-03-26,98083.35995544435,155874.39541625977
2026-03-27,98083.35995544435,149716.19770812988
2026-03-30,98083.35995544435,150925.3081665039
2026-03-31,98083.35995544435,156422.6336669922
2026-04-01,98083.35995544435,158149.9359588623
2026-04-02,98083.35995544435,157549.1336669922
2026-04-06,98083.35995544435,159817.14541625977
2026-04-07,98083.35995544435,160553.1336669922
2026-04-08,98083.35995544435,166170.61045837402
2026-04-09,98083.35995544435,175483.0058746338
2026-04-10,98385.65413848878,179035.2441253662
2026-04-13,98536.65358917238,180169.25
2026-04-14,99449.65407745363,187025.8836669922
2026-04-15,99397.65365020753,186635.36045837402
2026-04-16,99517.65334503175,187536.5581665039
2026-04-17,99603.65340606691,188182.41862487793
2026-04-20,99375.65352813722,186470.13954162598
2026-04-21,99538.65401641847,187694.27320861816
2026-04-22,100083.65371124269,191787.22091674805
2026-04-23,100055.653833313,191576.9418334961
2026-04-24,100946.65267364503,198268.34312438965
2026-04-27,100659.65316192628,196112.97679138184
2026-04-28,100517.65487091066,195046.5696258545
2026-04-29,100851.65450469972,197554.90687561035
2026-04-30,101053.65340606691,199071.91862487793
2026-05-01,101373.65462677003,201475.1277923584
2026-05-04,101752.65242950441,204321.40129089355
2026-05-05,101902.65242950441,205447.90129089355
2026-05-06,102046.65267364503,206529.34312438965
2026-05-07,101664.65499298097,203660.54054260254
2026-05-08,101815.65291778566,204794.53495788574
2026-05-11,101446.65267364503,202023.34312438965
2026-05-12,101129.65438262941,199642.6859588623
2026-05-13,101560.65413848878,202879.4941253662
2026-05-14,101269.65377227784,200694.08137512207
2026-05-15,100961.65511505128,198381.0114593506
2026-05-18,101033.65218536378,198921.70945739746
2026-05-19,100481.6532839966,194776.19770812988
2026-05-20,101048.65462677003,199034.3777923584
2026-05-21,101393.65279571534,201625.3140411377
2026-05-22,101179.65438262941,200018.1859588623
2026-05-26,101076.65450469972,199244.65687561035
2026-05-27,101732.6542605591,204171.21504211426
2026-05-28,101947.65365020753,205785.86045837402
2026-05-29,101611.65511505128,203262.5114593506
2026-06-01,100673.65462677003,196218.1277923584
2026-06-02,100199.65255157472,192658.3722076416
2026-06-03,99549.65407745363,187776.8836669922
2026-06-04,99926.65297882081,190608.14541625977
2026-06-05,99150.65352813722,184780.38954162598
2026-06-08,99069.65377227784,184172.08137512207
2026-06-09,98966.65389434816,183398.55229187012
2026-06-10,98347.65365020753,178749.86045837402
2026-06-11,98698.65310089113,181385.8663330078
2026-06-12,98402.65395538331,179162.91275024414
2026-06-15,99149.65407745363,184772.8836669922
2026-06-16,99147.65365020753,184757.86045837402
2026-06-17,98297.65365020753,178374.36045837402
2026-06-18,98986.65358917238,183548.75
2026-06-22,97826.65297882081,174837.14541625977
2026-06-23,97958.65371124269,175828.47091674805
2026-06-24,97974.65407745363,175948.6336669922
2026-06-25,97744.01367736817,170496.3663330078
2026-06-26,97744.01367736817,174762.05229187012
2026-06-29,98330.32909423829,180357.0
2026-06-30,98150.3287890625,179005.19770812988
2026-07-01,98486.32885009766,181528.5581665039
2026-07-02,98583.32897216798,182257.02908325195
2026-07-06,98732.32952148438,183376.02320861816
2026-07-07,98914.32872802735,184742.83724975586
2026-07-08,98678.3286669922,182970.47679138184
2026-07-09,99020.32848388673,185538.89541625977
2026-07-10,98850.3287890625,184262.19770812988
2026-07-13,99047.32891113282,185741.66862487793
2026-07-14,99065.32970458985,185876.85458374023
2026-07-15,99812.32982666016,191486.82550048828
2026-07-16,99305.32909423829,187679.25
2026-07-17,99039.32872802735,185681.58724975586
2026-07-20,99315.32970458985,187754.35458374023
2026-07-21,99071.32946044923,185921.91275024414
2026-07-22,98801.329765625,183894.21504211426
2026-07-23,97682.32952148438,175490.52320861816
2026-07-24,97527.3292163086,174326.47091674805
2026-07-27,97877.6155722046,173785.75
2026-07-28,97877.6155722046,173387.72091674805
2026-07-29,97877.6155722046,170226.0058746338
2026-07-30,97877.6155722046,176872.36045837402
2026-07-31,98529.31422943115,203968.4303741455
2026-08-03,99773.31447357178,213310.8722076416
2026-08-04,99113.31691497803,208354.29054260254
2026-08-05,98636.31496185303,204772.0058746338
2026-08-06,98597.31654876709,204479.1277923584
2026-08-07,98819.3166708374,206146.34870910645
2026-08-10,99180.31520599365,208857.44770812988
2026-08-11,98598.31447357178,204486.6222076416
2026-08-12,98099.31545013428,200739.13954162598
2026-08-13,97884.31606048584,199124.4941253662
2026-08-14,97636.31496185303,197262.0058746338
2026-08-17,97502.31532806397,196255.66862487793
2026-08-18,97316.31679290772,194858.8196258545
2026-08-19,97955.31520599365,199657.69770812988
2026-08-20,97382.31410736084,195354.45945739746
2026-08-21,97234.31606048584,194242.9941253662
2026-08-24,97578.31630462647,196826.4359588623
2026-08-25,97477.31532806397,196067.91862487793
