symbol,entry_date,exit_date,quantity,entry_price,exit_price,entry_commission,exit_commission,net_profit
BRK-B,2024-06-12,2025-07-07,100,411.1722143371582,484.3231294250488,1.0,1.0,7313.091508789061
BRK-B,2025-08-21,2025-10-17,100,487.33743823242185,489.902,1.0,1.0,254.4561767578141
BRK-B,2025-11-10,2025-12-09,100,497.1794025695801,497.53047888183596,1.0,1.0,33.10763122558842
BRK-B,2025-12-15,2026-01-14,100,500.5200974304199,494.07117942504885,1.0,1.0,-646.891800537107
BRK-B,2026-02-04,2026-03-03,100,495.8991477905273,476.9845705749512,1.0,1.0,-1893.4577215576116
BRK-B,2026-03-06,2026-03-16,100,499.34985,492.6714350158692,1.0,1.0,-669.8414984130825
BRK-B,2026-03-17,2026-03-18,100,494.9389643371582,491.04178664550784,1.0,1.0,-391.717769165037
BRK-B,2026-06-16,2026-06-22,100,497.0994,488.65225000000004,1.0,1.0,-846.7149999999965
BRK-B,2026-06-23,2026-07-22,100,491.0181974304199,490.4019,1.0,1.0,-63.629743041987695
