fast_window,slow_window,total_return,sharpe_ratio,max_drawdown
3,50,0.2765508120544442,0.7418183005719765,-0.15873110240689225
5,50,0.15371755357666061,0.44709192554871285,-0.20592542052422025
3,100,0.11974434464721706,0.35895094266175714,-0.1817828118690572
3,200,0.008396537512207036,0.0853178175017447,-0.18364580639488048
5,100,-0.000704141845702666,0.06267813869960276,-0.26284844988185585
5,200,-0.04885892208251941,-0.06909404904308795,-0.2262990387667665
10,50,-0.07311345405273406,-0.1351535954810073,-0.31489729919288656
10,200,-0.09498337317504857,-0.1897492326995886,-0.2694731983277232
10,100,-0.10108838247070318,-0.19854655981464087,-0.31851796670968
