ticker,status,total_return,annualised_volatility,sharpe_ratio,max_drawdown,cagr,downside_deviation,sortino_ratio,calmar_ratio,trade_count,win_rate,profit_factor,average_trade_return,total_commissions,benchmark_total_return,benchmark_annualised_volatility,benchmark_sharpe_ratio,benchmark_max_drawdown,benchmark_cagr,benchmark_downside_deviation,benchmark_sortino_ratio,benchmark_calmar_ratio,benchmark_trade_count,benchmark_win_rate,benchmark_profit_factor,benchmark_average_trade_return,benchmark_total_commissions,excess_return,beta,tracking_error,information_ratio
NVDA,OK,0.07501136004028308,0.052642767562974216,0.48803370218151454,-0.041659792498518367,0.024601025032980672,0.037549618208875604,0.6551604571885028,0.5905220251362416,3.0,0.6666666666666666,6.233949221317086,0.10883202655817009,6.0,3.548690334701538,0.4662342029057881,1.3252353086238786,-0.3688599383859772,0.6636034831198008,0.30882632690258077,2.1487918137534123,1.7990662960676478,0.0,0.0,0.0,0.0,0,-3.4736789746612553,0.08231879617335093,0.4309862824107293,-0.08655436580297243
MSFT,OK,0.004887770416259984,0.0624820860353246,0.05752813395483829,-0.10666997539052736,0.0016396330507881807,0.046514212866734066,0.035250151507149545,0.01537108305111492,10.0,0.3,0.5501061839053213,-0.008441096140875704,20.0,0.5174707360839843,0.2609693213475913,0.6662922023772804,-0.34847924078281045,0.15042001529098203,0.17210156191304404,0.8740188852381432,0.4316469897979698,0.0,0.0,0.0,0.0,0,-0.5125829656677243,0.12012936685503607,0.23613820202630947,-0.045427188020119566
AAPL,OK,0.09458891400146485,0.04637331548769308,0.6781004448323547,-0.039948331136955506,0.030833090366686466,0.03311545853683933,0.9310784669457667,0.7718242411924765,1.0,1.0,0.0,0.061059797356065065,2.0,0.7185933526611328,0.26816832623816717,0.8120604359763594,-0.333930463274395,0.19954949127966604,0.18079119739521274,1.1037566770656833,0.5975779787293428,0.0,0.0,0.0,0.0,0,-0.6240044386596679,0.11962769992363376,0.2387396610956475,-0.04916339993911043
AMZN,OK,-0.025226846719360374,0.05180988650089236,-0.1397666684980828,-0.06604777121323868,-0.008548221843203252,0.038227047599221645,-0.223617108305725,-0.12942483427040816,7.0,0.2857142857142857,0.5313396391757533,-0.013370005589652003,14.0,0.9606791862487793,0.32278954808470245,0.8611297649612241,-0.3087462405749132,0.2538586979100468,0.20984957144110788,1.209717495092858,0.8222244178174902,0.0,0.0,0.0,0.0,0,-0.9859060329681397,0.11690208877086539,0.28781827891227263,-0.06242211316512808
META,OK,0.008396537512207036,0.125835537608303,0.0853178175017447,-0.18364580639488048,0.0028134084067676923,0.0895173686065532,0.031428631678542596,0.015319753072489012,4.0,0.5,1.0952939306890115,0.012424037808208126,8.0,0.9624775244140624,0.37450435262941456,0.7900044209772323,-0.3418903332249871,0.25424499416401436,0.24224075148678373,1.0495550092358659,0.7436448751439365,0.0,0.0,0.0,0.0,0,-0.9540809869018554,0.19683714064330357,0.3181139654440867,-0.05646130247627924
GOOGL,OK,0.15044465075073243,0.05935269785549088,0.8230743263066842,-0.07024143830590768,0.04821624250087897,0.03790313782387454,1.2720910528549534,0.6864358655483814,5.0,0.4,4.777216783147062,0.15372184804167296,10.0,1.647698476715088,0.30565209937165944,1.2234334508530884,-0.29879148903364383,0.3870235169644116,0.2024905750118831,1.9113162029477138,1.2952963225831138,0.0,0.0,0.0,0.0,0,-1.4972538259643555,0.1475862243790791,0.26417679633148017,-0.07751988278076893
AVGO,OK,0.16144010522766106,0.1050936349248586,0.5311533841619379,-0.09472097695818305,0.05157179968258219,0.07360450501882124,0.7006609129345396,0.5444601749129958,4.0,0.75,36.31701360186068,0.21978784614907462,8.0,3.1420373867797853,0.5001369861677472,1.2028678207349126,-0.41479913999938645,0.6120700478951933,0.31922865069068623,1.917340585097586,1.4755817668669675,0.0,0.0,0.0,0.0,0,-2.9805972815521242,0.1737210712335524,0.41887417879637484,-0.08207899757618219
GOOG,OK,0.15289573032836934,0.05814468305395427,0.8512536288733811,-0.06659481442206949,0.04896609337803648,0.03685526928043511,1.3286049548423864,0.7352838776259002,5.0,0.4,5.852520259485541,0.15971822720754197,10.0,1.6035490231323242,0.302262644654665,1.2150441475014935,-0.2941118195039021,0.37920904047877513,0.20050455449830912,1.8912739485026164,1.2893362841330627,0.0,0.0,0.0,0.0,0,-1.4506532928039548,0.1448993422456046,0.26204468176933016,-0.0763893133341085
TSLA,OK,0.049951735699462985,0.12498531914754989,0.1934993585956247,-0.2185425672110758,0.01651290571181363,0.0864589407745322,0.19099130250596083,0.07555921906904713,10.0,0.4,1.6552751974729356,0.023524481657112625,20.0,0.46577736938476555,0.5834108841902852,0.5091612656703068,-0.5371928418704756,0.13710050418691533,0.3843110630547815,0.3567435792692035,0.25521655074468047,0.0,0.0,0.0,0.0,0,-0.41582563368530256,0.1444536660800373,0.5078879432267454,-0.033843922047567414
BRK-B,OK,0.04366574649047883,0.06119003879382607,0.265338318850757,-0.08888364193439502,0.014464001215859668,0.04404031345630166,0.3284263912020371,0.1627296193211293,9.0,0.3333333333333333,1.6844477513654883,0.010331378599619046,18.0,0.4180437548828124,0.15931120229436707,0.8166599659202529,-0.14939221037847428,0.12452137822837561,0.11136682442734344,1.1181191424706045,0.8335198864312254,0.0,0.0,0.0,0.0,0,-0.3743780083923336,0.32283828521599583,0.11308590380879664,-0.06342919613120776
